id,account_id,amount,timestamp,transactionHash
0x7d112f34552f69faa150021c65f92c99f3c9d5bd6fa3edc5820287384d4ecc1a-29,0xd4eea31c18034c76caf123a4b4d1676642f50710,18528305976730938697,1757924015,0x7d112f34552f69faa150021c65f92c99f3c9d5bd6fa3edc5820287384d4ecc1a
0xf3750ea6cffa130ae94ba967b043b4552eff3a9da1d598cb07c7c06672bd3240-536,0x07eaf0a0a294a0b354cbb704524c442f1648398f,20233756540000000000000,1763597231,0xf3750ea6cffa130ae94ba967b043b4552eff3a9da1d598cb07c7c06672bd3240
0xe55918f1b81f5a897dc11e88da9fd67df1eb80082c340f82a45202c242d27ea4-406,0x0d1a181e287bccc82f640e079669f07ef461bc78,6989931530000000000000,1763597447,0xe55918f1b81f5a897dc11e88da9fd67df1eb80082c340f82a45202c242d27ea4
0x94c3a40c0ff28332664ca14ac38b9abf4fa52bb79c5f18e895f624e450e2331c-679,0xd8f3676a7567842295170b3f6ae4bd466a878374,2292807180000000000000,1763597531,0x94c3a40c0ff28332664ca14ac38b9abf4fa52bb79c5f18e895f624e450e2331c
0xa6f866834c1229ab1d858014da70b1ef47fe9f7de049c501430b61f041ad00fe-1159,0x914bb6a45d6ffa3f8d2b76825a2df195df2ee271,23091000000000000000000,1763597627,0xa6f866834c1229ab1d858014da70b1ef47fe9f7de049c501430b61f041ad00fe
0xd1455c86967be063300a224fb7a3ce25d2e0eb33edb9ff58fd618ca3a0702c73-800,0xf42e91a421715eee69ed7dd01f9ff5053ba858e4,497767136310000000000000,1763597891,0xd1455c86967be063300a224fb7a3ce25d2e0eb33edb9ff58fd618ca3a0702c73
0xa8d23dad470da71e46d60ec175df578663012bb8bc7d9d3b065ebc3d993ff261-443,0xbdcd2d9ce5c278e029ff2422cf3a0543eb28c731,6705731410000000000000,1763599163,0xa8d23dad470da71e46d60ec175df578663012bb8bc7d9d3b065ebc3d993ff261
0x3956721b23d4ef3633b295e0d85918bec3b4a97cf0d971a459a2543ea2ea4967-297,0x01a6803f2f9f975e25c5219e23272fc45ed89213,2650623910000000000000,1763599187,0x3956721b23d4ef3633b295e0d85918bec3b4a97cf0d971a459a2543ea2ea4967
0xbdf4128ef17a6d8cdd986d0916ca7bbc92e069d441d56a74da9849c9e668b907-351,0xdd839203d23d6359cd85d93a327975f525253e99,9071980560000000000000,1763599223,0xbdf4128ef17a6d8cdd986d0916ca7bbc92e069d441d56a74da9849c9e668b907
0x8570795bfa53e8751208ff9eba0d7f8d5f3687a7ee76392ccdffcad35951cdd0-80,0xebe67bfae6bacd0816379951b56b2f4a73e1bab7,671304110030000000000000,1763599235,0x8570795bfa53e8751208ff9eba0d7f8d5f3687a7ee76392ccdffcad35951cdd0
0x8570d0e7007c726857aae14a83b93fe82db5034fbf9a04b07815ef50d335af68-395,0xea0d0219af3a1bb58a9af7abfa0c72e6769e3726,5694256850000000000000,1763601287,0x8570d0e7007c726857aae14a83b93fe82db5034fbf9a04b07815ef50d335af68
0xfb742d9b994e412f47c70da212afeb46fe6374adaf164b8c9c2bc19ebae2b2b6-398,0x8e68075a712535ede5f0097ac449fc6d2457ed7b,27373349320000000000000,1763602103,0xfb742d9b994e412f47c70da212afeb46fe6374adaf164b8c9c2bc19ebae2b2b6
0xd9c4f882c6fe9793cc92de95ce26f9f42e1eab8449d7b67da50debfa691f44d7-632,0xb3af0e54426e48d230c97ae837f34345167be1c6,2504911810710000000000000,1763602115,0xd9c4f882c6fe9793cc92de95ce26f9f42e1eab8449d7b67da50debfa691f44d7
0x3e9f8ebd8c1b021f6322668c923d09db079c0adba194726c23fb585fa740f548-312,0x9f3a119f52c274c197a306d1480fc4852129de36,810007103970000000000000,1763602451,0x3e9f8ebd8c1b021f6322668c923d09db079c0adba194726c23fb585fa740f548
0x7732208733592fa9ccf5e9da9166a9a8b060fa4d3c24fdf5b2cc547bc0718671-882,0x478e169b3f828806fb655a4ea46d40eade7b1d61,60262417190000000000000,1763603147,0x7732208733592fa9ccf5e9da9166a9a8b060fa4d3c24fdf5b2cc547bc0718671
0x1d69be883cdca3c6246e1b1c127bf6599b45f5b3483e2088683397aa6c9e017a-646,0x1dd8f73679280a1e09b03d1b165083142ca19720,10048889150000000000000,1763603903,0x1d69be883cdca3c6246e1b1c127bf6599b45f5b3483e2088683397aa6c9e017a
0x184e0634931ec7858d32f346ec8b023276bfa2d95d777f952e242d2d0a77f250-274,0x9f673eee7c2131150ff4280815aa14b6235b0d37,53977331500000000000000,1763604611,0x184e0634931ec7858d32f346ec8b023276bfa2d95d777f952e242d2d0a77f250
0x65e9d5a6f94c1d10166e80eedd53025af955537ff138e16b5d7b1fbb392f96de-841,0x10175e8a4d1cbec6335ecd42b95aa539f742a0b3,149902655000000000000000,1763604623,0x65e9d5a6f94c1d10166e80eedd53025af955537ff138e16b5d7b1fbb392f96de
0xad1a4345fd0c4833eec4a285e759d4b901efe39f11ffde245a04340f5e054495-670,0xdee12626f49f8180c156adcb6a4cb25f9682d1e0,39310409910000000000000,1763604623,0xad1a4345fd0c4833eec4a285e759d4b901efe39f11ffde245a04340f5e054495
0x94e064b95b482491278c736c75e4efe21087e767e19593b919b4baeb7efb1d54-314,0x7f34a09ad200dce2d78415edf248f92de5fb0016,6161144970000000000000,1763605283,0x94e064b95b482491278c736c75e4efe21087e767e19593b919b4baeb7efb1d54
0x8946c6075ac9f07ce05372df10ecb5ecd88a64c9c9714bb58ebad4e26f0dcceb-740,0xfd9ed41baef69dd06127846a8f2f99d1e4253b5b,2882619360000000000000,1763606207,0x8946c6075ac9f07ce05372df10ecb5ecd88a64c9c9714bb58ebad4e26f0dcceb
0xd8b0e648670d88b6097bb39f663cf166bba129935f017256c4abbf4d812d6068-750,0x1a5df2c8db4969f039356673ff424b80c1ecc104,899818737610000000000000,1763607011,0xd8b0e648670d88b6097bb39f663cf166bba129935f017256c4abbf4d812d6068
0xe0baee5a8f11d8d5705a7cbbd9ebef8729da20b4b7553877e3162225d83c14a6-163,0x9c4b7310ab19238df7541c55b3bc48a808fd8bbd,8014062446950000000000000,1763608727,0xe0baee5a8f11d8d5705a7cbbd9ebef8729da20b4b7553877e3162225d83c14a6
0x39a8b12ab055fcdf6e051130987ca5db36a603114054661e4197ca195d4f045e-509,0x81239dcb535b9868b2e622a1eead983f4e5e9be8,373930490450000000000000,1763609219,0x39a8b12ab055fcdf6e051130987ca5db36a603114054661e4197ca195d4f045e
0x47eb0de3248bff63d9b5e9580bcb056e5b4b1d8a57264aa3f28534c8bbbe9d0f-848,0xc1e7ca17274c36a3358460f93ce30200916688b6,122899027210000000000000,1763609363,0x47eb0de3248bff63d9b5e9580bcb056e5b4b1d8a57264aa3f28534c8bbbe9d0f
0x2ed1738d23658840ca9b2f72d795bff50f2ee50d61f8e5bd7bc350cf8c1f99e3-853,0xfbf7a4bb534bd8347e5a10fe0922af17354a4725,65711316920000000000000,1763610863,0x2ed1738d23658840ca9b2f72d795bff50f2ee50d61f8e5bd7bc350cf8c1f99e3
0x94d8d4d2ec70115b3db08fb97d9daef1a5a3144c4f7ad8f7bb7d229bf63f509d-514,0xdf7b69c22b96f2c7e07687971551021058260451,165445574160000000000000,1763611763,0x94d8d4d2ec70115b3db08fb97d9daef1a5a3144c4f7ad8f7bb7d229bf63f509d
0xced7d089114e4f1457dec06f7668437bd1a0edf17c513f3eba7311000055c1b1-112,0x32d827b19b5436f5ae48a9bd9b5228cd7a7b06ee,53194978320000000000000,1763614019,0xced7d089114e4f1457dec06f7668437bd1a0edf17c513f3eba7311000055c1b1
0xd38ad2825ad1b70d2967571d13c3a9b672e07ae9c28667958ef7d09881556472-792,0x4cd72fd0300f809ff9dd6777da694c276af45a2b,98185550860000000000000,1763614475,0xd38ad2825ad1b70d2967571d13c3a9b672e07ae9c28667958ef7d09881556472
0xb4d95cebf845a6e803b0e427190e57a16fde2c973c01288badb5c93dd4f853b7-545,0x51f6d5a75c05d45927b6a85b1dc8007db0a9b0a3,183025110000000000000,1763619875,0xb4d95cebf845a6e803b0e427190e57a16fde2c973c01288badb5c93dd4f853b7
0x81462adcf3f9f79425967bf73f8144df420610aff16ed5a11515d2f417640416-643,0x6812388954d65d31ad926fed581479342a35f1cf,7654304690000000000000,1763621303,0x81462adcf3f9f79425967bf73f8144df420610aff16ed5a11515d2f417640416
0x906d46f39a26a70feef83aff1d59633ca1f5848cd4366157a504f921f8839fef-482,0xafce0d965d62133d5d8f46a0d598f782c8a9d148,20341035040000000000000,1763622575,0x906d46f39a26a70feef83aff1d59633ca1f5848cd4366157a504f921f8839fef
0x36904837bb041cf8662822ac30743c10324936ab4273fa2764db494eb21373fe-608,0x1458760b398a72c51eab2de90b8d38705558b387,118182326950000000000000,1763622815,0x36904837bb041cf8662822ac30743c10324936ab4273fa2764db494eb21373fe
0xe0c092e48d35be3f925122d954ee032e4842687fc45a33503a6028d001faab08-138,0x614d98a57a5d879d717152de0690ed2b04562ade,21170623000000000000000000,1763624423,0xe0c092e48d35be3f925122d954ee032e4842687fc45a33503a6028d001faab08
0xfea2bc9cf0865cc8c0735139ee1ba12fd5aa5b5e3552e3b6acb1a6a39878435b-505,0xcede0ad978d9f7a8374b9bf6196e123ff9f63eaf,4563735330000000000000,1763627315,0xfea2bc9cf0865cc8c0735139ee1ba12fd5aa5b5e3552e3b6acb1a6a39878435b
0x7dfc5ec1b7bd1f0a9bf49194abf9e9116ce0786c498cb4ef3b3aee12362b3823-242,0xc1fa6b55ab39ccf5c5c64f2f45fc8214b548c246,6362896420000000000000,1763627339,0x7dfc5ec1b7bd1f0a9bf49194abf9e9116ce0786c498cb4ef3b3aee12362b3823
0x3195372dc9f3b630d702b6497c7c387ea4245b4e700e6eb0f1ba08ada8915b44-574,0xcd41b36818d094d3643102962bfbeac033136aa2,25741990760000000000000,1763627591,0x3195372dc9f3b630d702b6497c7c387ea4245b4e700e6eb0f1ba08ada8915b44
0x385ddef7bd801ae23432187b88b85193ea48d28eac1d78875b67d8fce513523a-362,0xa45cd04a376b8014289db9d91aae741957fc8bf6,160382554290000000000000,1763627819,0x385ddef7bd801ae23432187b88b85193ea48d28eac1d78875b67d8fce513523a
0x471d606df20ae33d1ab0a2fe5d3bc672e1ca042c223f386e315721742624a4ec-25,0xac61ce8d0ae5dc3a9ef950c91aaf9c04234a685a,21089550600000000000000,1763628215,0x471d606df20ae33d1ab0a2fe5d3bc672e1ca042c223f386e315721742624a4ec
0xb268893e13c5427d4d9316da456d2db4e1a8ef8cdc9826ae6b8cebfa091119ea-801,0x5180ab6177763919a0c8d72347bff39aed7664a2,1143159600000000000000,1763628563,0xb268893e13c5427d4d9316da456d2db4e1a8ef8cdc9826ae6b8cebfa091119ea
0x029e9ded245792dd8ef032f8f2e92cb6c4b59f96eab63e0be955ce49e25a08e3-517,0x0652ce724af61fbd923089e0c9d697012caa95e3,1838423860000000000000,1763628599,0x029e9ded245792dd8ef032f8f2e92cb6c4b59f96eab63e0be955ce49e25a08e3
0xde363ff81c781a9c7584829a7e834f5fc05981e36b39e1e549b8edf8f0ccbbdb-838,0xf34b1bf36728dbee1ab4737134a6133680eaaa08,2504185152510000000000000,1763629199,0xde363ff81c781a9c7584829a7e834f5fc05981e36b39e1e549b8edf8f0ccbbdb
0x16293f643873f7f1cf939b68ab99e71ca18641b5943bf852aa4c2abbd13567b6-1025,0x19960c8c8ebf40aa0cb025518f522423fd8d2a2a,173254095970000000000000,1763630987,0x16293f643873f7f1cf939b68ab99e71ca18641b5943bf852aa4c2abbd13567b6
0x4d5b7ecacd1182d7b16009aa985f025439d09e58f0f8dca4f3b4b29611c0b757-41,0x218c56f591abc69c40e96a10e7b69c62c2c406ee,16811443430000000000000,1763631083,0x4d5b7ecacd1182d7b16009aa985f025439d09e58f0f8dca4f3b4b29611c0b757
0x9e590f01a66a46090287e65d353e20bf72dae95e0b985890fe96c746375bb237-458,0x186b12ceaf08fde22e32647fcc800e45876f5bd0,17366788620000000000000,1763632379,0x9e590f01a66a46090287e65d353e20bf72dae95e0b985890fe96c746375bb237
0xcea22e7a6e52a09ccfab084c68ab82dea44acceec31946f453931427fec4148e-538,0x70d8dd9492aceb067e805775a434879e7eec3046,9357541800000000000000,1763633375,0xcea22e7a6e52a09ccfab084c68ab82dea44acceec31946f453931427fec4148e
0x9b907931728edb8443253a66133ccfec82026794593636bc2034db55e94d208d-609,0x00b2c1124270349e066e7878f5f4f219ddcad7e1,53108189240000000000000,1763633507,0x9b907931728edb8443253a66133ccfec82026794593636bc2034db55e94d208d
0xc018d363fde926cb311f0d9d33bdd7ba494cacfdedf03eb0e02a49ea1599ae0e-704,0xd6b5ba0c20046b03fb4263e300c8759f69fd5afd,101531990000000000000000,1763633519,0xc018d363fde926cb311f0d9d33bdd7ba494cacfdedf03eb0e02a49ea1599ae0e
0x45a760563de0f9d942a52455af7d9149dba3c85e7555a0bd1798d95e7a51e3d2-465,0x3c193a99510d0cdf095f61c136c360163603536f,81926214940000000000000,1763634515,0x45a760563de0f9d942a52455af7d9149dba3c85e7555a0bd1798d95e7a51e3d2
0xa72fccb8ae54ba8a42ef662bc281ddf7d1af9ea5c331db53343fdc3a96ac1d4e-55,0x89b4f873e899588bc9a8174c5bba221c15cf5493,3000000000000000000000,1763636843,0xa72fccb8ae54ba8a42ef662bc281ddf7d1af9ea5c331db53343fdc3a96ac1d4e
0x7e8bcb6b7bb8d4f974088f025484aa7b38811d4b8061ffcbf806fd05ed8fd64a-99,0x81e14e07493bd2a3ad29bb7dab1f26de9c98151b,5027405950000000000000,1763638259,0x7e8bcb6b7bb8d4f974088f025484aa7b38811d4b8061ffcbf806fd05ed8fd64a
0x1a180db22a4ba53fda2f99e262b1f6d0251edd41656aef164acae88529ec6f86-413,0x66868063298b74a68e0db77a99c93337d94d4b6f,218359360920000000000000,1763638403,0x1a180db22a4ba53fda2f99e262b1f6d0251edd41656aef164acae88529ec6f86
0xb1785a6eecf53bdca4a3f64621d4260398a7e020b6446936db9ebb36c58f397f-766,0xc513fb4b979f1cefc43682ca7ab4a19cee1cacc2,1035152840000000000000,1763639663,0xb1785a6eecf53bdca4a3f64621d4260398a7e020b6446936db9ebb36c58f397f
0xf8b53b7439c7ffed6687c84517118591cd4f2869031d705aac96ff3fad79f3fe-471,0xfc61a786b168c07812a040084d0f43ca52dca6c3,100000000000000000000,1763642507,0xf8b53b7439c7ffed6687c84517118591cd4f2869031d705aac96ff3fad79f3fe
0x03546fb6d97189fff8ad5084befa4cbcb9959babb16f1405ec54ef1658b12805-612,0xec8fe962db8fefba76416ca6615c53e71a8f1688,376454725040000000000000,1763642879,0x03546fb6d97189fff8ad5084befa4cbcb9959babb16f1405ec54ef1658b12805
0xb0dad6e567eb306a46e7b253570fd46610c5457859042d82690fff7c2b82abd7-622,0x276f6a78379c300b3dc29a32712b8658121c2c16,2147604710000000000000,1763646791,0xb0dad6e567eb306a46e7b253570fd46610c5457859042d82690fff7c2b82abd7
0x1c338ce1abcb1f9aa2eebdd1f75188b5b5eb50f201cfda7bc15d2e541545f59f-798,0x91c899bbd415a2a2595fb0bea17ac2a5a9c919cd,15973023120000000000000,1763647715,0x1c338ce1abcb1f9aa2eebdd1f75188b5b5eb50f201cfda7bc15d2e541545f59f
0x0883ddba87585830414610dfbfed8a5fcaead8e9a658b05738d11d4fd69aa6ca-328,0x343a0878f083b876c50663446ad6130a4bdffc10,3547947480000000000000,1763651903,0x0883ddba87585830414610dfbfed8a5fcaead8e9a658b05738d11d4fd69aa6ca
0xd51a4c470c1b76a8d0730ccde9cdf16f5de362dbc0e11df6e98755e0eed87780-362,0x48171b5d7cc16099b9173f690512aa1fc8cebb49,1943077680000000000000,1763654447,0xd51a4c470c1b76a8d0730ccde9cdf16f5de362dbc0e11df6e98755e0eed87780
0xdb5b578a4d66a04c4e1229cd845a2b065d2067e7cd18fe851be84c3216f29499-249,0xbd9207a3acf1b9786519076188b2aa2d52dabe7b,2382616600000000000000,1763658047,0xdb5b578a4d66a04c4e1229cd845a2b065d2067e7cd18fe851be84c3216f29499
0xc48cc94d32140d372503475ad54c7d255fbf4d9823fa6317db6631c08ff5683d-466,0x864de5bbaf4b8c808e94a8385b95b0855d170137,701426714010000000000000,1763662295,0xc48cc94d32140d372503475ad54c7d255fbf4d9823fa6317db6631c08ff5683d
0x91ad5350f800f9f0159af80a7343b78fb9a7740e9316509f6cd0c32dae901156-206,0x9938a4af826f29264fe2ecbc2d11498a966bfc1e,22489654440000000000000,1763662823,0x91ad5350f800f9f0159af80a7343b78fb9a7740e9316509f6cd0c32dae901156
0xd238b18fde98822dcec2ae52ce1bed56626e2ff0fcabf19f4cf35ae635d25eda-217,0x01dc6c59ca5a802f84c4d65a0fcc5d21e5a56003,3126334050000000000000,1763666387,0xd238b18fde98822dcec2ae52ce1bed56626e2ff0fcabf19f4cf35ae635d25eda
0x4a54c6cdca45e7df21c39b6e5585479a9f3b5df6e86a4209a779d4a30091aec9-650,0xfffa889f71003f256f0e14b48e54fa2dad1f2ff0,32253148740000000000000,1763666639,0x4a54c6cdca45e7df21c39b6e5585479a9f3b5df6e86a4209a779d4a30091aec9
0x751f9568941e344e9fb50e09b7e32a19994fc931b78dcb77b6e133fb69ace715-256,0xff3dc90bcf5bea9372f5376fec278622b7f82c5f,2673312520000000000000,1763667623,0x751f9568941e344e9fb50e09b7e32a19994fc931b78dcb77b6e133fb69ace715
0xfdf959abeef47329f5912fac6d29c9636fff6be5d9b3822644dfda83f7c90725-601,0x3a28c8e6e07ea9f56f26da98fd9394c26f01fa3b,15852345230000000000000,1763672759,0xfdf959abeef47329f5912fac6d29c9636fff6be5d9b3822644dfda83f7c90725
0x50d6664749870b72d34789998404155bb4796ca88b3295307252a6d1e3b3500e-570,0xa7abc5762fe0b05e1d1ff4749df317c4b46254c4,53541402100000000000000,1763676035,0x50d6664749870b72d34789998404155bb4796ca88b3295307252a6d1e3b3500e
0x35300a8b06ce78dfc6c2e7475c004a6abc806360c44af21b9f62cbddce853615-258,0x1d0e00d02c16343b8a86816aecea2f00b74bc6c8,121880283500000000000000,1763677163,0x35300a8b06ce78dfc6c2e7475c004a6abc806360c44af21b9f62cbddce853615
0xad624ef00fcd34579c977dd602aebda566e7237308312b934e49e08011660752-564,0xe8a9b606383c49cd5c44a14cc6104f51b9dbc656,221838006910000000000000,1763677667,0xad624ef00fcd34579c977dd602aebda566e7237308312b934e49e08011660752
0xc7fcfa8864b08e296689cc8bb5541ae89180ddb035eb8eefe0dd5e9fca27d8bf-641,0x0b8309a0a64338671b4e965284652a0614c9eea7,530415460000000000000,1763689619,0xc7fcfa8864b08e296689cc8bb5541ae89180ddb035eb8eefe0dd5e9fca27d8bf
0x3a47374e80778d02611801db14260ef633f2aee2f655a3166fcc20ba2a911150-1102,0x96d3240954648405fa5a7d8cf2a91b882d67fde9,256969099270000000000000,1763693591,0x3a47374e80778d02611801db14260ef633f2aee2f655a3166fcc20ba2a911150
0xf0e0126df5edc06a6667f39c73c45f12b69bf5a04956b96e2e0a3bb7ae8d7ddd-332,0x10c0014602516a154f8883ae4cbf09322d84cb81,419817965530000000000000,1763705807,0xf0e0126df5edc06a6667f39c73c45f12b69bf5a04956b96e2e0a3bb7ae8d7ddd
0xa73a5656d10cf80e122fd9be53eb7c1f19c804ad445830978d4c295defeff1d0-367,0x11425dac18a2f41f0a83cd5b6b3a6145bbc260fc,5482388830000000000000,1763708519,0xa73a5656d10cf80e122fd9be53eb7c1f19c804ad445830978d4c295defeff1d0
0x60f9d0b710aafbc0b28f037ae06639449d2d2778f1efb6422c2402d57e4c5bc6-130,0x1ac6fbfab0a4de7098138d00e2446b035db4a229,19028818020000000000000,1763708723,0x60f9d0b710aafbc0b28f037ae06639449d2d2778f1efb6422c2402d57e4c5bc6
0xb18cd93d45f4fdfba054218021b120a2700e7778d49dee09200c440e0f7f7b59-319,0x1ac6fbfab0a4de7098138d00e2446b035db4a229,0,1763708735,0xb18cd93d45f4fdfba054218021b120a2700e7778d49dee09200c440e0f7f7b59
0x3c913b017470118bde73ab0217656669c72065c60a5b64347dd7a3ea7751399b-470,0x0437dbd4cc0a04f9a1527917c86ade5abc6fabcf,6712769890000000000000,1763714531,0x3c913b017470118bde73ab0217656669c72065c60a5b64347dd7a3ea7751399b
0x46512f2245ab226f9e921e4562279942fccfe2402e259328b2e3ff91ac6564a0-325,0x995e3c8e31c7c7d1ebe50c9687fde0c781fa64fc,14819496570000000000000,1763718083,0x46512f2245ab226f9e921e4562279942fccfe2402e259328b2e3ff91ac6564a0
0x597df9ff7041bfac242475c0b50af260b9fca4612adee0ce384134533af2b752-196,0x4d47adece3d064a613509a1d076187d733c41fa1,181817500000000000000,1763720375,0x597df9ff7041bfac242475c0b50af260b9fca4612adee0ce384134533af2b752
0x9985ae41059178a2e83c10aa155701f988dc37d4fe2b1b450346e0b15aaac938-715,0xf8587ec80ede1b55ce44e565b96215327894d138,172811219140000000000000,1763727695,0x9985ae41059178a2e83c10aa155701f988dc37d4fe2b1b450346e0b15aaac938
0xa34952c46a4d7279b01c34da5d0a7c48ff9c6c008e332b6d4961fe11e3799e17-290,0x58b57167dedeed3f5cab42f35e82e92bafc9f509,598412682240000000000000,1763729375,0xa34952c46a4d7279b01c34da5d0a7c48ff9c6c008e332b6d4961fe11e3799e17
0x7a85e34e464ef106255bcb2b5fdcb3772f437b84de5563c23c426ba9555a84e7-524,0xbfd9a3b20ffcb0f4ac06884dee5dae484915f5c9,4069768820000000000000,1763731403,0x7a85e34e464ef106255bcb2b5fdcb3772f437b84de5563c23c426ba9555a84e7
0xfb635e929f3c9d1ba4278a492e632cd3214b5f951c67ef1c6f618cdd4d7e692a-610,0x4e0970b47a28635d315a78c386b2c2c0447a7ac3,8601999150000000000000,1763736863,0xfb635e929f3c9d1ba4278a492e632cd3214b5f951c67ef1c6f618cdd4d7e692a
0x26d83d918b9082ad839ffb7d540cc8af9964c3c5a5e3fac1ddc03f41644a7e05-547,0x410803e601e9833a0d615508f9f7a225cab1a040,330468760000000000000,1763740199,0x26d83d918b9082ad839ffb7d540cc8af9964c3c5a5e3fac1ddc03f41644a7e05
0x9c2b582af001893a3d8f91c388597dff474c34a1656e19342e7127265e3bf386-537,0x96df558d2d1f09cc117a59e331bad60d15f57281,351162262250000000000000,1763740835,0x9c2b582af001893a3d8f91c388597dff474c34a1656e19342e7127265e3bf386
0x5c4c7f76212d268cbbea6a8562a00e7cec323b1b2acd0f509390d922395d4259-320,0x8b48556268480517d833e2c7a2277ef2bc928c7c,121619930000000000000,1763742335,0x5c4c7f76212d268cbbea6a8562a00e7cec323b1b2acd0f509390d922395d4259
0x071f1e56b7044808bb27b9ca058f715cff4f0174bee08e01f33665004f59fb24-715,0x74478f93f69ad649ea8de84e9c72b7a99a712ffa,15068019470000000000000,1763744123,0x071f1e56b7044808bb27b9ca058f715cff4f0174bee08e01f33665004f59fb24
0x6160512dec2e053709d3b45e4eb94437aa5060745572cf493a3a1e03503fc9bc-194,0xbf3125f667b6a15ed89da14160eae8d59fbd8197,20019490870000000000000,1763748227,0x6160512dec2e053709d3b45e4eb94437aa5060745572cf493a3a1e03503fc9bc
0x85c8fa14a6b2ac88b25b30a4729e9d4ce5a90b6c14d4b08c133b427a8d75a995-339,0xe759eafaf23a24a541dd315fd54b6426a961aa00,3500000000000000000000,1763756111,0x85c8fa14a6b2ac88b25b30a4729e9d4ce5a90b6c14d4b08c133b427a8d75a995
0xf2f9dd06d819a2099083e49b186669df7d5c29f8e75d9eba068e8ed8d63b4a89-157,0x50edcedd9220d55e75e8aa01c2898ba81728d82c,2831540140000000000000,1763763431,0xf2f9dd06d819a2099083e49b186669df7d5c29f8e75d9eba068e8ed8d63b4a89
0x9f39d66c1b7ad79c393378e4c05597687d0c4ddea700fbe5a7452620fd926a76-42,0xe99ad1492f56ac740acd6150c290adf8430c1847,29649840000000000000,1763773283,0x9f39d66c1b7ad79c393378e4c05597687d0c4ddea700fbe5a7452620fd926a76
0xb4c6cfcfd25847966ab1fd13c924ace42938179a886da5a35e6345e7c1cf66f9-13,0xa480f03c6a258b9daf19ad471d14cd66fe898818,277531780000000000000,1763782883,0xb4c6cfcfd25847966ab1fd13c924ace42938179a886da5a35e6345e7c1cf66f9
0x45033a70233b1219eaaafdc175960c08b8bf70e9879b3ab5e234510c01f1238f-690,0x7b301239294071d44187054709b9efe0ca179676,2637101510000000000000,1763783111,0x45033a70233b1219eaaafdc175960c08b8bf70e9879b3ab5e234510c01f1238f
0xd7bea46fd3aaef956b2b7dc3270aee20b8bf4c1c86d0fd4cd305b4b5fbc868ee-1177,0x191c896565f3b069bf970d886bca602ce586d7f7,201821818910000000000000,1763783543,0xd7bea46fd3aaef956b2b7dc3270aee20b8bf4c1c86d0fd4cd305b4b5fbc868ee
